,GeoName,1970,1971,1972,1973,1974,1975,1976,1977,1978,1979,1980,1981,1982,1983,1984,1985,1986,1987,1988,1989,1990,1991,1992,1993,1994,1995,1996,1997,1998,1999,2000,2001,2002,2003,2004
1000,Alabama,2781,3032,3303,3677,4019,4460,4896,5324,5928,6491,7084,7808,8313,8886,9764,10384,10941,11419,12383,13366,14174,14880,15813,16281,16981,17754,18333,19057,20103,20648,21527,22243,23193,24330,25962
5000,Arkansas,2623,2893,3178,3676,3993,4355,4726,5183,5912,6355,6776,7669,8003,8543,9528,10065,10588,10900,11747,12539,13137,13802,14831,15291,15942,16653,17394,17981,18836,19433,20168,21202,21949,23360,24746
6000,California,4430,4701,5013,5477,5998,6602,7121,7699,8509,9410,10439,11510,12157,12901,14028,14748,15460,16009,17190,17850,18709,19273,20121,20414,20888,21682,22544,23262,24763,25769,27424,28677,29843,31148,32732
8000,Colorado,3800,4160,4452,4923,5396,5939,6385,6904,7733,8548,9590,10700,11417,12352,13341,13941,14406,14732,15671,16688,17460,18130,19052,19891,20694,21883,22858,23760,25540,26610,28739,29944,30322,31014,31909
9000,Connecticut,4485,4764,5050,5537,6024,6547,6974,7678,8441,9398,10598,11767,12646,13799,15399,16298,17318,18491,20591,22273,23005,23226,24644,25270,25923,27096,27794,28981,30870,32285,34766,36660,37949,38568,40352
10000,Delaware,3949,4248,4584,5020,5412,5848,6258,6721,7335,7985,9034,9851,10689,11431,12541,13473,14101,15021,16345,17854,18508,19403,19898,20298,20716,21565,22518,22957,25109,26670,29217,32112,33512,34060,34710
13000,Georgia,3153,3439,3730,4159,4479,4869,5297,5726,6365,6900,7588,8426,9046,9763,10907,11612,12435,13017,14065,14867,15682,16236,17170,17742,18599,19555,20497,21165,22597,23501,24815,25745,26745,27670,28812
16000,Idaho,3336,3541,3938,4408,4983,5288,5719,6048,6722,7159,7925,8504,8922,9755,10310,10842,11160,11658,12622,13615,14399,14756,15651,16613,17204,17968,18628,18968,20140,20843,22016,22738,23788,24375,25803
17000,Illinois,3992,4321,4608,5172,5622,6202,6642,7252,7958,8674,9411,10399,11221,11785,13040,13676,14424,15039,16385,17341,18362,18689,20062,20493,21314,22385,23481,24463,25616,26496,28299,29510,30451,31328,32556
18000,Indiana,3377,3681,3950,4547,4769,5245,5742,6295,6938,7568,8179,8940,9366,9931,11038,11619,12281,12897,13811,14879,15633,16008,17195,17871,18727,19349,20186,20989,22420,23124,24587,25065,25741,26467,27667
19000,Iowa,3493,3676,4039,4881,4920,5562,5815,6395,7387,7843,8346,9467,9892,10232,11606,12135,12735,13289,13744,14890,15601,15921,17003,16902,18390,18978,20594,21335,22207,22651,24173,24942,26001,26683,28871
20000,Kansas,3510,3867,4252,4814,5138,5656,6082,6537,7161,8048,8755,9751,10547,11155,12303,12879,13582,13965,14662,15349,16315,16840,17960,18567,19190,19743,20820,21797,22874,23438,24519,25399,26072,27082,27766
21000,Kentucky,2896,3116,3361,3780,4121,4517,4938,5425,5962,6631,7211,7957,8471,8830,9944,10330,10640,11162,12237,13071,13786,14535,15463,15853,16458,17011,17847,18710,19587,20243,21739,22379,23224,23938,25319
22000,Louisiana,2893,3107,3330,3701,4135,4627,5077,5563,6227,6895,7749,8730,9393,9834,10488,10897,11056,11213,12055,12805,13869,14561,15502,16155,17059,17729,18247,18972,19854,20293,21391,22933,23928,24818,25835
23000,Maine,3225,3450,3690,4064,4462,4815,5381,5773,6282,6870,7682,8347,8984,9746,10699,11444,12246,12942,14134,15218,15751,16087,16890,17404,18042,18815,19655,20567,21790,22635,23993,25272,26448,27812,29098
27000,Minnesota,3632,3880,4139,4891,5146,5571,5936,6630,7354,8029,8864,9717,10426,11023,12570,13274,14016,14666,15335,16562,17336,17791,18819,19069,20182,21006,22135,23094,24783,25906,27520,28635,29564,31084,32902
28000,Mississippi,2488,2746,3029,3421,3677,4015,4461,4919,5355,5981,6460,7163,7644,7934,8668,9088,9448,9956,10747,11577,12163,12782,13626,14293,15218,15871,16630,17367,18195,18643,19541,20625,21303,22222,23561
29000,Missouri,3471,3750,4003,4473,4737,5248,5667,6250,6869,7592,8190,9075,9664,10515,11628,12340,12948,13457,14316,15238,15819,16530,17448,18029,18879,19638,20480,21434,22247,22913,24288,24979,26008,27126,28465
30000,Montana,3339,3549,4022,4594,4909,5365,5639,5956,6908,7276,8043,9093,9583,9999,10508,10647,11298,11582,11962,13106,13808,14650,15203,16097,16149,16742,17292,17886,19018,19207,20277,21108,22052,23718,25527
31000,Nebraska,3468,3833,4131,4798,4906,5693,5901,6291,7287,7751,8244,9614,10160,10768,12079,12757,13213,13794,14741,15511,16525,17046,17946,18357,19346,20105,21654,21933,23220,24164,25384,26657,27510,29397,30527
32000,Nevada,4615,4945,5225,5703,6006,6692,7184,7873,8883,9593,10545,11411,11828,12426,13200,13845,14468,15021,16235,17276,18023,18862,19972,20604,21541,22447,23308,24114,25555,26453,27743,28441,28757,29853,31486
33000,New Hampshire,3520,3789,4025,4475,4812,5227,5748,6284,7008,7848,8888,9896,10885,11835,13142,14085,15046,16096,17451,18342,18455,19294,20090,20444,21597,22537,23289,24482,26587,27743,30496,32264,33313,33969,35869
35000,New Mexico,3081,3363,3668,4016,4391,4955,5323,5802,6435,7078,7781,8532,9116,9825,10580,11258,11564,11756,12368,13063,13787,14495,15186,15879,16452,17310,17761,18313,19021,19142,20534,21832,22892,23883,25090
37000,North Carolina,3008,3238,3550,3986,4306,4723,5128,5520,6125,6638,7321,8146,8754,9412,10521,11172,11913,12543,13695,14646,15421,15937,17089,17806,18498,19358,20203,21142,22021,22717,23734,24111,24689,25721,27534
38000,North Dakota,3088,3573,4215,5880,5635,5881,5704,5918,7398,7566,7083,9225,10034,10513,11320,11778,12143,12560,11660,13277,14590,14817,16246,16286,17663,17502,19582,19050,21017,21352,23329,23824,24881,27410,27684
39000,Ohio,3640,3911,4173,4626,5051,5444,5945,6530,7180,7872,8650,9359,9945,10563,11722,12415,13027,13454,14506,15478,16379,16707,17683,18243,19142,19908,20599,21659,22760,23410,24546,25290,26111,27116,28161
40000,Oklahoma,3257,3522,3754,4237,4576,5116,5503,5993,6623,7517,8401,9489,10152,10473,11345,11866,12275,12200,12925,13738,14316,14788,15556,16018,16545,17097,17850,18589,19382,19691,21224,22501,23399,24712,26624
42000,Pennsylvania,3630,3872,4132,4565,4996,5535,6021,6571,7224,7943,8720,9558,10310,10959,11843,12588,13252,13861,15076,16251,17218,17944,18792,19402,19946,20723,21599,22540,23633,24568,26217,27399,28464,29610,31322
44000,Rhode Island,3854,4030,4283,4569,4898,5468,5890,6427,6937,7632,8699,9641,10428,11306,12367,13216,13969,14565,16106,17450,17936,18117,18973,19698,20137,21180,21693,22622,23920,24718,26192,27497,29059,30638,32121
45000,South Carolina,2912,3120,3368,3758,4144,4529,4926,5280,5848,6387,7065,7800,8302,8941,9889,10452,11047,11633,12637,13477,14297,14775,15528,16115,16854,17575,18359,19143,20157,20831,22092,22689,23564,24360,25394
46000,South Dakota,3126,3441,3940,4928,4861,5411,5246,6011,6880,7561,7516,8792,9201,9679,11042,11285,11822,12364,12899,13848,15114,15639,16666,17105,18315,18401,20270,20449,22009,22780,24167,24934,25237,27819,29673
47000,Tennessee,2920,3190,3518,3946,4299,4671,5123,5586,6248,6843,7422,8205,8730,9316,10354,10970,11697,12394,13453,14293,15130,15753,16924,17682,18418,19389,20024,20825,22532,23131,24299,24727,25747,26828,28182
48000,Texas,3370,3611,3880,4320,4728,5332,5809,6285,7086,7830,8665,9794,10510,11142,12048,12779,12987,13099,13962,14704,15643,16136,17141,17722,18300,19125,20017,21271,22613,23430,24894,26251,26772,27668,28591
49000,Utah,3201,3495,3768,4070,4430,4854,5262,5733,6354,6876,7445,8107,8539,9048,9864,10400,10793,11132,11812,12570,13281,13949,14599,15195,15827,16721,17696,18590,19421,20079,21088,21841,22575,23274,24429
50000,Vermont,3265,3570,3797,4168,4469,4857,5356,5679,6417,7056,7785,8655,9427,10089,11023,11824,12566,13304,14420,15652,16101,16436,17492,18000,18698,19514,20251,21179,22612,23679,25326,27003,27918,29276,30854
51000,Virginia,3633,3975,4286,4752,5150,5688,6147,6675,7427,8204,9193,10098,10891,11715,12916,13710,14553,15227,16532,17560,18256,18894,19772,20428,21160,21948,22646,23749,24829,25999,27760,28945,30199,31960,33753
54000,West Virginia,2800,3049,3312,3631,3959,4423,4805,5306,5879,6450,7022,7658,8179,8477,9227,9717,10117,10463,11442,12179,13072,13645,14692,15147,15723,16197,16813,17523,18276,18782,19902,21181,22254,22681,23522
55000,Wisconsin,3469,3748,4019,4478,4870,5358,5828,6452,7117,7931,8716,9419,10026,10675,11723,12331,12987,13509,14298,15446,16159,16649,17729,18398,19309,20064,20884,21914,23210,23981,25421,26711,27822,28660,29863
56000,Wyoming,3600,3954,4408,4987,5554,6118,6466,7254,8254,9054,10111,11076,11468,11488,12194,12873,13064,12949,13579,14933,16281,16963,17641,18332,18856,19565,19889,21223,22463,23898,25465,27252,28577,30592,32744
91000,New England,3961,4237,4491,4904,5303,5791,6227,6776,7451,8238,9264,10225,11175,12146,13548,14438,15397,16388,18140,19282,19836,20240,21300,21909,22698,23713,24584,25642,27076,28398,30601,32334,33511,34462,36201
92000,Mideast,4078,4399,4679,5104,5535,6085,6518,7062,7747,8468,9416,10359,11202,12120,13288,14120,14977,15723,17336,18579,19779,20159,21189,21678,22256,23249,24176,25212,26476,27571,29537,30543,31739,32703,34236
93000,Great Lakes,3688,3992,4279,4794,5177,5658,6149,6760,7432,8131,8860,9632,10263,10883,12043,12739,13431,13927,15001,16010,16864,17215,18333,18911,19855,20711,21563,22503,23698,24527,26037,26900,27692,28576,29676
94000,Plains,3489,3772,4092,4789,4973,5505,5818,6385,7171,7813,8390,9431,10048,10668,11950,12580,13209,13748,14407,15422,16222,16742,17763,18120,19150,19812,21028,21813,23007,23763,25191,26081,26999,28313,29780
95000,Southeast,3095,3362,3653,4084,4439,4864,5281,5750,6399,7025,7775,8635,9193,9878,10896,11512,12133,12698,13788,14769,15559,16143,17048,17680,18391,19233,19962,20748,21883,22587,23857,24755,25695,26821,28277
96000,Southwest,3356,3615,3884,4325,4712,5276,5723,6199,6960,7725,8566,9635,10294,10911,11815,12524,12829,12963,13791,14522,15337,15831,16722,17290,17892,18679,19494,20590,21800,22490,23914,25163,25821,26814,27967
97000,Rocky Mountain,3530,3834,4174,4630,5079,5551,5957,6429,7217,7859,8724,9642,10206,10906,11716,12247,12682,13004,13801,14787,15572,16216,17017,17814,18450,19420,20273,21094,22474,23341,24944,25983,26645,27475,28649
,,,,,,,,,,,,,,,,,,,,,,,,,,,,,,,,,,,,
Legend/Footnotes,,,,,,,,,,,,,,,,,,,,,,,,,,,,,,,,,,,,
2. Per capita disposable personal income is total disposable personal income divided by total midyear population.,,,,,,,,,,,,,,,,,,,,,,,,,,,,,,,,,,,,
Note. All dollar estimates are in millions of current dollars (not adjusted for inflation). Calculations are performed on unrounded data.,,,,,,,,,,,,,,,,,,,,,,,,,,,,,,,,,,,,
"  Last updated: April 9, 2026-- new statistics for 2025; revised statistics for 2020-2024.",,,,,,,,,,,,,,,,,,,,,,,,,,,,,,,,,,,,
